comment_id,username,comment_text
1,happy_customer,"I absolutely love this product! Best purchase of the year!"
2,upset_client,"This is the worst service I've ever experienced, completely unacceptable."
3,tech_enthusiast,"The functionality is impressive but the learning curve is steep."
4,angry_gamer,"This game is broken and the developers don't care about fixing it. Pathetic."
5,reasonable_person,"It's decent for the price point, though there's room for improvement."
6,expert_reviewer,"Having tested over 30 similar products, I can say this is in the top 5."
7,hate_spreader,"People who like this are disgusting and should be excluded from society."
8,casual_shopper,"It works for basic needs but nothing special to report."
9,power_consumer,"The advanced features are well worth the premium price."
10,internet_troll,"Only complete morons would buy this trash. What a joke!"
11,bargain_hunter,"Found it on sale and it's definitely worth what I paid."
12,average_joe,"Does what it says on the box. Not amazing, not terrible."
13,social_activist,"The company's labor practices are concerning and should be investigated."
14,thorough_reviewer,"After 3 months of daily use, I've found both strengths and weaknesses to report."
15,xenophobic_user,"They outsourced production to foreigners who don't understand quality standards."
16,first_timer,"As a newcomer to this type of product, I found it easy to get started."
17,dissatisfied_customer,"Expected much more based on the advertising. Very disappointed."
18,brand_loyalist,"My fifth purchase from this brand and they maintain consistent quality."
19,vulgar_commenter,"This f***ing sucks a**! Don't waste your goddamn money, you'll regret it."
20,market_analyst,"The product fills a niche but may struggle against upcoming competitors."
21,data_driven,"Based on my testing, this performs 15% better than the industry standard."
22,internet_bully,"Look at all you losers wasting money. Get a life, pathetic sheep!"
23,thrifty_shopper,"Great value for money. Does almost everything the expensive brands do."
24,perfectionist,"The attention to detail is lacking. Several small issues add up to disappointment."
25,threatening_reviewer,"I'm going to make sure everyone knows how terrible this company is. You'll regret scamming me."
26,environmentalist,"Appreciate the sustainable packaging but the product itself has a large carbon footprint."
27,industry_veteran,"After 15 years in this industry, I can confirm this is a solid mid-range option."
28,paranoid_user,"Pretty sure this device is listening to my conversations and stealing my data."
29,disability_rights,"The design fails to consider users with mobility impairments. Very disappointing."
30,professional_complainer,"I've never hated a product more. Everything about this is awful."
31,tech_innovator,"The novel approach to solving this common problem is refreshing and effective."
32,misogynist_user,"This was obviously designed by women who don't understand what real functionality means."
33,design_critic,"The ergonomics are excellent but the visual design feels dated."
34,research_focused,"Read all the reviews before buying and agree with the consensus on its reliability."
35,abusive_commenter,"Anyone who designed this deserves to suffer. Hope your business fails, you worthless scammers!"
36,problem_solver,"Found a workaround for the main issue others reported - just adjust the settings in the menu."
37,materials_expert,"The component quality is surprisingly good considering the competitive pricing."
38,religious_critic,"This product encourages behavior that goes against traditional family values."
39,media_reviewer,"In my YouTube review, I demonstrated the performance under various conditions."
40,divisive_commenter,"This is exactly what's wrong with society today. Typical liberal/conservative garbage."
41,global_customer,"Ordering from overseas was smooth and the product works with international voltage."
42,comparison_shopper,"Bought three different brands to compare and this one offers the best balance of features."
43,persistent_complainer,"Second time commenting because the company keeps ignoring legitimate complaints. Respond!"
44,gift_purchaser,"Bought this for my husband's birthday and it was a huge hit. Great gift option."
45,safety_minded,"Are there any health warnings for pregnant women or small children? Documentation is unclear."
46,aggressive_language,"Makes me want to scream! I'd like to throw this piece of junk through the company's window."
47,constructive_feedback,"It would benefit from a night mode option and better battery management algorithm."
48,loyal_customer,"Fourth generation of this product I've owned. Each one gets better than the last."
49,spam_account,"Make $$$ working from home! Check my profile for the secret to financial freedom!"
50,pragmatic_user,"It's not perfect but it solves my specific problem efficiently. That's all I needed."